thread_id,language_code,sender,recipient,timestamp,subject,body,is_phishing,average_word_count,historical_interaction_count
EN_TH_01,EN,marketing.leads@company.com,analytics.team@company.com,2026-08-25T09:15:00Z,Q3 Campaign Performance Data,"Hi team, attached are the final numbers from the Q3 paid media channels. Overall CTR increased by 14%, but conversion rates dipped slightly in the final week. Let's look over the raw metrics during our sync tomorrow.",0,38,42
EN_TH_01,EN,analytics.team@company.com,marketing.leads@company.com,2026-08-25T10:30:00Z,"Re: Q3 Campaign Performance Data","Thanks for sending these over. The conversion dip seems correlated with the checkout page latency we observed on Tuesday. I will pull the Looker dashboard to confirm.",0,28,43
EN_TH_02,EN,hr-ops@company.com,all-staff@company.com,2026-08-26T14:00:00Z,Quarterly Benefits Open Enrollment Reminder,"Hello Everyone, this is a quick reminder that the window for updating your health insurance elections closes next Friday at 5 PM EST. No action is required if you wish to keep your current plan configuration.",0,39,115
ES_TH_01,ES,soporte.ti@empresa.com,usuarios@empresa.com,2026-08-24T08:00:00Z,Mantenimiento programado de servidores internos,"Estimados colaboradores, el próximo sábado realizaremos una actualización de rutina en la infraestructura central de la base de datos. Los servicios experimentarán interrupciones intermitentes entre las 02:00 y las 06:00 AM.",0,32,89
ES_TH_02,ES,finanzas@empresa.com,proveedores@externo.com,2026-08-25T11:45:00Z,"Confirmación de recepción de factura - Agosto 2026","Hola, hemos recibido correctamente la factura correspondiente a los servicios de consultoría técnica de este mes. El procesamiento del pago sigue el calendario estándar de 30 días netos.",0,31,18
ES_TH_02,ES,proveedores@externo.com,finanzas@empresa.com,2026-08-25T13:20:00Z,"Re: Confirmación de recepción de factura - Agosto 2026","Excelente, muchas gracias por la confirmación. Quedamos atentos a la transferencia. Saludos cordiales.",0,14,19
PT_TH_01,PT,gestao.talentos@corporativo.com,equipe.vendas@corporativo.com,2026-08-26T10:10:00Z,Atualização sobre a Avaliação de Desempenho Semestral,"Olá a todos, lembramos que o prazo para o preenchimento da autoavaliação termina nesta sexta-feira. Este processo é fundamental para o alinhamento das metas individuais e planos de carreira.",0,33,55
PT_TH_02,PT,coordenacao.projetos@corporativo.com,desenvolvedores@corporativo.com,2026-08-27T15:30:00Z,"Status do Sprint e Bloqueios Técnicos","Pessoal, abri uma sala de alinhamento rápido para revisarmos as pendências da API de pagamentos. Alguns cards estão travados no ambiente de staging. Conseguem entrar agora?",0,28,142
PT_TH_02,PT,dev.principal@corporativo.com,coordenacao.projetos@corporativo.com,2026-08-27T15:35:00Z,"Re: Status do Sprint e Bloqueios Técnicos","Estou entrando na sala. O problema no staging é apenas uma chave de credencial expirada, já estamos gerando uma nova.",0,21,143
